Workbook

Sheet Worklog_Tasks&Times
A1: Date | B1: Status | C1: Task | D1: Description/Planning | E1: Task Type | F1: Most suited ILO | G1: Est Hours | H1: Actual Hours | I1: Diff | J1: Evidence link | K1: Task reflection / notes
A2: Week 1
A3: week plan: | B3: - Weekplan item 1 - Weekplan item 2 - Weekplan item 3 - etc
A4: Known Risks | B4: [Enter known possible issues that are a risk for you to finish the high level week planning]
A5: 45698 | B5: Done | C5: Creative brief | D5: Reading Creative brief contents | E5: Study | F5: ILO 1.3 | G5: 2 | H5: 2 | I5: =H5-G5 -> 0 | J5: Starting Block C | K5: Reading and trying to undrestand what we should do this Block
A6: 45698 | B6: Done | C6: Data lab content | D6: Reading data lab content | E6: Study | F6: ILO 1.3 | G6: 3 | H6: 3 | I6: =H6-G6 -> 0 | J6: Monday datalab
A7: 45699 | B7: Done | C7: Business Understanding | D7: I have completed data lab task | E7: Research | F7: ILO 1.3 | G7: 2 | H7: 2 | I7: =H7-G7 -> 0 | J7: Business Understanding | K7: Doing task 1,1 and 1,2 of Business Undrestanding template
A8: 45699 | B8: Done | C8: Presentation | D8: I attended to the kick off presentation | E8: Lecture | F8: - | G8: 3 | H8: 3 | I8: =H8-G8 -> 0
A9: 45699 | B9: Done | C9: Business Understanding | D9: Completeing task 1,3 and 1,4 | E9: Research | F9: ILO 1.3 | G9: 3 | H9: 3 | I9: =H9-G9 -> 0 | J9: Business Understanding | K9: I hada a problem to create a daps diagram that is why it took more time
A10: 45700 | B10: Done | C10: Data lab content | D10: Reading data lab content | E10: Study | F10: ILO 1.3 | G10: 3 | H10: 3 | I10: =H10-G10 -> 0 | J10: Wednesday data lab
A11: 45700 | B11: Done | C11: Assignment | D11: I have completed Wednesday assignment | E11: Testing | F11: ILO 1.3 | G11: 1 | H11: 1 | I11: =H11-G11 -> 0 | J11: Wednesday Quizz
A12: 45701 | B12: Done | C12: Data lab content | D12: Reading Thuursday data lab content | E12: Study | F12: ILO 1.3 | G12: 3 | H12: 3 | I12: =H12-G12 -> 0 | J12: Thusrday Data lab | K12: Definition of Fairness and bias
A13: 45701 | B13: Done | C13: Thursday quizz | D13: completing Thursday quizz | E13: Testing | F13: ILO 1.3 | G13: 2 | H13: 2 | I13: =H13-G13 -> 0 | J13: Thursday quizz
A14: 45702 | B14: Done | C14: Friday data lab content | D14: collecting data set | E14: Research | F14: ILO 1.3 | G14: 3 | H14: 3 | I14: =H14-G14 -> 0 | J14: Collecting data set | K14: Because I was sick on Friday I couldn't study more.
A15: 45703 | B15: Done | C15: Collecting data set | D15: Collecting data set | E15: Research | F15: ILO 1.3 | G15: 4 | H15: 4 | I15: =H15-G15 -> 0 | J15: Generative AI pictures | K15: Collecting data set via generative AI and web scrapping.
A16: 45704 | B16: Done | C16: Collecting data set | D16: Collecting data set | E16: Research | F16: ILO 1.3 | G16: 4 | H16: 4 | I16: =H16-G16 -> 0 | J16: Finall Dataset
E17: Total Hours | G17: =SUM(G5:G16) -> 33 | H17: =SUM(H5:H16) -> 33 | I17: =H17-G17 -> 0
A18: Week 2
A19: week plan: | B19: - Weekplan item 1 - Weekplan item 2 - Weekplan item 3 - etc
A20: Known Risks | B20: [Enter known possible issues that are a risk for you to finish the high level week planning] - if any
A21: 45705 | B21: Done | C21: Data lab content | D21: Reading data lab content | E21: Study | F21: ILO 1.3 | G21: 4 | H21: 5 | I21: =H21-G21 -> 1 | J21: Data lab Monday | K21: The last part was so confusing for me that is why it take more time for me
A22: 45705 | B22: Done | C22: Monday Quizz | D22: completed Monday quizz | E22: Testing | F22: ILO 1.3 | G22: 1 | H22: 1 | I22: =H22-G22 -> 0 | J22: Monday Quizz
A23: 45706 | B23: Done | C23: Lecture | D23: Attending to Lecture | E23: Lecture | F23: ILO 2.3 | G23: 1.5 | H23: 1.5 | I23: =H23-G23 -> 0 | J23: Public speaking lecture
A24: 45706 | B24: Done | C24: Group fairness lecture | D24: Attending to Lecture | E24: Lecture | F24: ILO 2.3 | G24: 1 | H24: 1 | I24: =H24-G24 -> 0 | J24: Group fairness lecture
A25: 45706 | B25: Done | C25: Responsible AI | D25: Completing task 2,3 and 2,4 of Responsible AI template | E25: Testing | F25: ILO 2.3 | G25: 4 | H25: 4 | I25: =H25-G25 -> 0
A26: 45707 | B26: Done | C26: Data lab content | D26: Reading data lab content Socratic dialogue | E26: Study | F26: ILO 2.3 | G26: 3 | H26: 3 | I26: =H26-G26 -> 0 | J26: Socratic Dialogue
A27: 45707 | B27: Done | C27: Socratic preparation | E27: Study | F27: ILO 2.3 | G27: 2 | H27: 2 | I27: =H27-G27 -> 0 | K27: I'm preparing a Socratic dialogue for tomorrow and writing it on A4 pages, divided into five phases.
A28: 45707 | B28: Done | C28: Responsible AI | D28: task 2,1 of Responsible AI | E28: Research | F28: ILO 2.3 | G28: 2 | H28: 2 | I28: =H28-G28 -> 0 | J28: Task 2.1: Socratic Dialogue
A29: 45708 | B29: Done | C29: Book | D29: Deep learning with python | E29: Study | F29: ILO 6.2 | G29: 2 | H29: 2 | I29: =H29-G29 -> 0 | K29: Reading chapter 1 and 2 of Deep learning with python
A30: 45708 | B30: Done | C30: Data camp course | D30: Attending to data camp course 1 and 2 | E30: Study | F30: ILO 2.3 | G30: 2 | H30: 2 | I30: =H30-G30 -> 0 | J30: Datacamp Certificate
A31: 45708 | B31: Done | C31: Thursday quizz | D31: I have completed Thursday quizz | E31: Testing | F31: ILO 2.3 | G31: 1.5 | H31: 1.5 | I31: =H31-G31 -> 0 | J31: Thursday Quizz | K31: I was checking my answers with book context that is why it took more time than usual.
A32: 45709 | B32: Done | C32: Student notebook | D32: I have completed student notebook for mlp | E32: Programming | F32: ILO 2.3 | G32: 1 | H32: 1 | I32: =H32-G32 -> 0 | J32: Practical Assignment
A33: 45709 | B33: Done | C33: Data lab content | D33: I have completely read data lab content | E33: Study | F33: ILO 2.3 | G33: 2 | H33: 2 | J33: Practical Assignment
A34: 45710 | B34: Done | C34: Deep learning | D34: restudy book | E34: Study | F34: ILO 2.3 | G34: 2 | H34: 2 | I34: =H34-G34 -> 0 | J34: Practical Assignment | K34: Study book chapters 2 and 3 to understand the material better, and start working on the Deep Learning template.
E35: Total Hours | G35: =SUM(G19:G34) -> 29 | H35: =SUM(H19:H34) -> 30 | I35: =H35-G35 -> 1
A36: Week 3
A37: week plan: | B37: - Weekplan item 1 - Weekplan item 2 - Weekplan item 3 - etc
A38: Known Risks | B38: [Enter known possible issues that are a risk for you to finish the high level week planning]
A39: 45740 | B39: Done | C39: Datacamp | D39: watching Keras course on datacamp | E39: Study | F39: ILO 8.2 | G39: 2 | H39: 2 | I39: =H39-G39 -> 0 | J39: Datacamp Keras | K39: I finished the DataCamp course on Keras. It was very useful and explained the concepts really well, with clear and detailed explanations.
A40: 45740 | B40: Done | C40: Deep learning with python | D40: Studying deep learning with python chapter 3 and 4 | E40: Study | F40: ILO 6.2 | G40: 3 | H40: 3 | I40: =H40-G40 -> 0
A41: 45740 | B41: Done | C41: Quiz | D41: Data lab quiz | E41: Testing | F41: ILO 6.2 | G41: 1 | H41: 1 | I41: =H41-G41 -> 0
A42: 45741 | B42: Done | C42: Datalab content | D42: Reading data lab contents | E42: Study | F42: ILO 8.2 | G42: 3 | H42: 3 | I42: =H42-G42 -> 0
A43: 45741 | B43: Done | C43: Data camp course | D43: Mlp of deep learning | E43: Study | F43: ILO 8.2 | G43: 2 | H43: 2 | I43: =H43-G43 -> 0
A44: 45742 | B44: Done | C44: Data lab content | D44: Reading dat lab contents | E44: Study | F44: ILO 9.1 | G44: 3 | H44: 3 | I44: =H44-G44 -> 0
A45: 45742 | B45: Done | C45: Wireframe | D45: working on wireframe and start doing on iteration 1 | E45: Design | F45: ILO 9.1 | G45: 2 | H45: 4 | I45: =H45-G45 -> 2 | J45: Wireframe | K45: Because it was my first time to work with it it takes more time for me to undrestand to how to work with it.
A46: 45743 | B46: Done | C46: Datalab contents | D46: Data lab contents | E46: Study | F46: ILO 8.2 | G46: 5 | H46: 5 | I46: =H46-G46 -> 0 | J46: Undrestanding Neural Network
A47: 45744 | B47: Done | C47: Data lab contents | D47: Working on my template and reading | E47: Study | F47: ILO 8.2 | G47: 4 | H47: 4 | I47: =H47-G47 -> 0 | K47: Working on my template on iteration 3 and 4 and also checking my template did I have done good or not.
C48: Max 4 hours tasks | I48: =H48-G48 -> 0
E49: Total Hours | G49: =SUM(G39:G48) -> 25 | H49: =SUM(H39:H48) -> 27 | I49: =H49-G49 -> 2
A50: Week 4
A51: week plan: | B51: - Weekplan item 1 - Weekplan item 2 - Weekplan item 3 - etc
A52: Known Risks | B52: [Enter known possible issues that are a risk for you to finish the high level week planning]
A53: 45726 | B53: Done | C53: Datalab contents | D53: I completely read datalab contents | E53: Study | F53: ILO 8.2 | G53: 2 | H53: 2 | I53: =H53-G53 -> 0 | J53: Datalab Monday
A54: 45726 | B54: Done | C54: Datacamp | D54: Finishing Datacamp course | E54: Study | F54: ILO 6.2 | G54: 4 | H54: 4 | I54: =H54-G54 -> 0
A55: 45726 | B55: Done | C55: Deep learning with python | D55: Reading chapter 7 and 8 of Deep learning with python | E55: Study | F55: ILO 8.2 | G55: 2 | H55: 2 | I55: =H55-G55 -> 0
A56: 45727 | B56: Done | C56: Deep learning template | D56: Filling deeplearning template | E56: Study | F56: ILO 8.2 | G56: 6 | H56: 6 | I56: =H56-G56 -> 0 | K56: Working on my template on iteration 1 and 2 and also checking my template did I have done good or not.
A57: 45728 | B57: Done | C57: Wireframe | D57: working on wireframe iteration 2 | E57: Design | F57: ILO 9.1 | G57: 3 | H57: 3 | I57: =H57-G57 -> 0 | J57: Wireframe
A58: 45728 | B58: Done | C58: Linkedin | D58: Watching Usability testing course | E58: Study | F58: ILO 9.1 | G58: 3 | H58: 3 | I58: =H58-G58 -> 0 | J58: Linkedin course | K58: I watched the usability testing session and worked on creating my wireframe.
A59: 45729 | B59: Done | C59: Datalab contents | D59: Study datalab contents which it was about Deeplearning | E59: Study | F59: ILO 8.2 | G59: 3 | H59: 3 | I59: =H59-G59 -> 0 | J59: Data augmentation | K59: Learning how to do data augmentation on my data and collect more data
A60: 45729 | B60: Done | C60: Deeplearning template | D60: Working on my Deep learning template | E60: Programming | F60: ILO 8.2 | G60: 3 | H60: 3 | I60: =H60-G60 -> 0 | J60: Deep learning
A61: 45730 | B61: Done | C61: Book | D61: Reading chapter 8 of Deeplearning template | E61: Study | F61: ILO 8.2 | G61: 2 | H61: 2 | I61: =H61-G61 -> 0
A62: 45730 | B62: Done | C62: Deep learning template | D62: Reading datalab contents | E62: Study | F62: ILO 8.2 | G62: 2 | H62: 2 | I62: =H62-G62 -> 0 | J62: Transfer learning | K62: Datalab task it was about data augmentation and transfer learning
A63: 45730 | B63: Done | C63: Deeplearning template | D63: Working on my deep learning template and doing the transfer learning | E63: Programming | F63: ILO 8.2 | G63: 3 | H63: 3 | I63: =H63-G63 -> 0 | J63: Deep learnig template | K63: I’m working on my deep learning template and adjusting the parameters to improve the model’s accuracy.
A64: 45731 | B64: Done | C64: dataset | D64: collecting more data set | E64: Research | F64: ILO 8.2 | G64: 2 | H64: 2 | I64: =H64-G64 -> 0
E65: Total Hours | G65: =SUM(G53:G64) -> 35 | H65: =SUM(H53:H64) -> 35 | I65: =H65-G65 -> 0
A66: Week 5
A67: week plan: | B67: - Weekplan item 1 - Weekplan item 2 - Weekplan item 3 - etc
A68: Known Risks | B68: [Enter known possible issues that are a risk for you to finish the high level week planning]
A69: 45733 | B69: Done | C69: Youtube video | D69: Watching video on Youtube about Introduction to Machine learning in production | E69: Study | F69: ILO 6.2 | G69: 3 | H69: 3 | I69: =H69-G69 -> 0 | J69: Introduction to ML | K69: I started watching YouTube videos to get an introduction to Machine Learning and to learn how to perform error analysis.
A70: 45733 | B70: Done | C70: Reading book | D70: Reading chapter 6 of Deep learning with Python | E70: Study | F70: ILO 6.2 | G70: 2 | H70: 2 | I70: =H70-G70 -> 0
A71: 45733 | B71: Done | C71: Completed quiz | E71: Testing | F71: ILO 6.2 | G71: 1 | H71: 1 | I71: =H71-G71 -> 0 | J71: Monday quiz
A72: 45734 | B72: Done | C72: Microsoft quiz | D72: Preparing microsoft quiz for HLP | E72: Testing | F72: ILO 8.2 | G72: 3 | H72: 3 | I72: =H72-G72 -> 0 | J72: Microsoft survey | K72: I prepared a Microsoft survey for Human-Level Performance (HLP) and shared it with three other students.
A73: 45734 | B73: Done | C73: Deeplearning template | D73: filling my Deep learning template | E73: Evidencing | F73: ILO 8.2 | G73: 3 | H73: 3 | I73: =H73-G73 -> 0 | J73: Deeplearning template
A74: 45735 | B74: Done | C74: Datalab content | D74: Reading datalab contents | E74: Study | F74: ILO 9.1 | G74: 3 | H74: 3 | I74: =H74-G74 -> 0 | J74: UX design | K74: Starting doing the next iteration of wireframe.
A75: 45735 | B75: Done | C75: Filling Human centered AI | D75: Filling Human centered template | E75: Evidencing | F75: ILO 9.1 | G75: 3 | H75: 3 | I75: =H75-G75 -> 0
A76: 45735 | B76: Done | C76: Wednesday quiz | D76: completing today's quiz | E76: Testing | F76: ILO 9.1 | G76: 1 | H76: 1 | I76: =H72-G76 -> 2 | J76: Wednesday quiz
A77: 45736 | B77: Done | C77: Thursday quizz | D77: completing Thursday quizz | E77: Testing | F77: ILO 9.1 | G77: 1 | H77: 1 | I77: =H73-G77 -> 2 | J77: Thusrday quiz
A78: 45736 | B78: Done | C78: Youtube video | D78: Continueing Youtube video about introduction to ML | E78: Study | F78: ILO 8.2 | G78: 3 | H78: 3 | I78: =H74-G78 -> 0
A79: 45736 | B79: Done | C79: Deeplearning template | D79: Working on my Deep learning template | E79: Programming | F79: ILO 8.2 | G79: 2 | H79: 2 | I79: =H79-G79 -> 0 | J79: Deeplearning template | K79: I’m working on the Deep Learning template and performing error analysis on it.
A80: 45737 | B80: Done | C80: Datalab content | D80: Error analyse | E80: Study | F80: ILO 8.2 | G80: 4 | H80: 4 | I80: =H80-G80 -> 0
A81: 45737 | B81: Done | C81: Deeplearning template | D81: preparing to do error analyze | E81: Programming | F81: ILO 8.2 | G81: 3 | H81: 3 | I81: =H74-G81 -> 0
E82: Total Hours | G82: ='Worklog_Tasks&Times'!A5312=SUM(G69:G81) -> FALSE | H82: =SUM(H69:H81) -> 32 | I82: =H82-G82 -> 32
A83: Week 6
A84: week plan: | B84: - Weekplan item 1 - Weekplan item 2 - Weekplan item 3 - etc
A85: Known Risks | B85: [Enter known possible issues that are a risk for you to finish the high level week planning]
A86: 45740 | B86: Done | C86: Youtube video | D86: Define data and Establish Baseline | E86: Study | F86: ILO 6.2 | G86: 3 | H86: 3 | I86: =H86-G86 -> 0 | J86: Youtube video
A87: 45740 | B87: Done | C87: Label and organize Data | D87: Youtube video | E87: Study | F87: ILO 6.2 | G87: 3 | H87: 3 | I87: =H87-G87 -> 0 | J87: Datalab tasks
A88: 45741 | B88: Done | C88: Deep learning | D88: Working on my Deep learning template | E88: Programming | F88: ILO 8.2 | G88: 3 | H88: 3 | I88: =H88-G88 -> 0 | K88: Working on Deep learning template and run it for the last time.
A89: 45741 | B89: Done | C89: Workshop | D89: Attending to Linkedin coursera | E89: Study | F89: ILO 2.3 | G89: 4 | H89: 4 | I89: =H89-G89 -> 0 | J89: Linkedin Learning course | K89: Because I was sick on Tuesday I couldn't attend to workshop that is why I did linkedin course.
A90: 45742 | B90: Done | C90: Responsible AI | D90: Working on my Responsible AI | E90: Programming | F90: ILO 3.2 | G90: 4 | H90: 4 | I90: =H90-G90 -> 0 | J90: Responsible AI
A91: 45743 | B91: Done | C91: Think-aloud Study | D91: Reading datalab contents | E91: Study | F91: ILO 9.1 | G91: 3 | H91: 3 | I91: =H91-G91 -> 0 | J91: Datalab contents
A92: 45743 | B92: Done | C92: Wireframe | D92: Working on my wireframe | E92: Design | F92: ILO 9.1 | G92: 4 | H92: 4 | I92: =H92-G92 -> 0 | J92: Wireframe Mohammadali Jaberi | K92: Based on the feedback I received, I’m making some changes to my wireframe.
A93: 45743 | B93: Done | C93: Human centered AI | D93: Working on my Human centered AI template | E93: Evidencing | F93: ILO 9.1 | G93: 3 | H93: 3 | I93: =H93-G93 -> 0 | J93: Human centered AI
A94: 45744 | B94: Done | C94: Think-aloud Study | D94: Datalab contents | E94: Study | F94: ILO 9.1 | G94: 3 | H94: 3 | I94: =H94-G94 -> 0 | J94: Think-Aloud Study
A95: 45744 | B95: Done | C95: Human centered AI | D95: Filling my Human centered AI | E95: Evidencing | F95: ILO 9.1 | G95: 3 | H95: 3 | I95: =H95-G95 -> 0 | J95: Human centered | K95: I’m working on the Human-Centered AI template and have started filling it out.
A96: 45744 | B96: Done | C96: Feedback | D96: Getting feedback from peers | E96: Evidencing | F96: ILO 9.1 | G96: 3 | H96: 3 | I96: =H96-G96 -> 0 | K96: Getting feedback from 4 students about my wireframe.
E97: Total Hours | G97: =SUM(G86:G96) -> 36 | H97: =SUM(H86:H96) -> 36 | I97: =H97-G97 -> 0
A98: Week 7
A99: week plan: | B99: - Weekplan item 1 - Weekplan item 2 - Weekplan item 3 - etc
A100: Known Risks | B100: [Enter known possible issues that are a risk for you to finish the high level week planning]
...

Sheet Overview
B2: Learning Objective | C2: W1 | D2: W2 | E2: W3 | F2: W4 | G2: W5 | H2: W6 | I2: W7 | J2: W8 | K2: Total Hours for objective
B3: ='Drop-downs'!C2 -> - | K3: =SUM(C3:J3) -> 0
B4: ='Drop-downs'!C3 -> ILO 1.3 | C4: {=IFERROR(SUM(_xlfn._xlws.FILTER('Worklog_Tasks&Times'!$H$5:$H$16,'Worklog_Tasks&Times'!$F$5:$F$16=$B4)),0)} -> 30 | D4: {=IFERROR(SUM(_xlfn._xlws.FILTER('Worklog_Tasks&Times'!$H$21:$H$34,'Worklog_Tasks&Times'!$F$21:$F$34=$B4)),0)} -> 6 | E4: {=IFERROR(SUM(_xlfn._xlws.FILTER('Worklog_Tasks&Times'!$H$39:$H$48,'Worklog_Tasks&Times'!$F$39:$F$48=$B4)),0)} -> 0 | F4: {=IFERROR(SUM(_xlfn._xlws.FILTER('Worklog_Tasks&Times'!$H$53:$H$64,'Worklog_Tasks&Times'!$F$53:$F$64=$B4)),0)} -> 0 | G4: {=IFERROR(SUM(_xlfn._xlws.FILTER('Worklog_Tasks&Times'!$H$69:$H$79,'Worklog_Tasks&Times'!$F$69:$F$81=$B4)),0)} -> 0 | H4: {=IFERROR(SUM(_xlfn._xlws.FILTER('Worklog_Tasks&Times'!$H$86:$H$96,'Worklog_Tasks&Times'!$F$86:$F$96=$B4)),0)} -> 0 | I4: {=IFERROR(SUM(_xlfn._xlws.FILTER('Worklog_Tasks&Times'!$H$101:$H$110,'Worklog_Tasks&Times'!$F$101:$F$110=$B4)),0)} -> 0 | J4: {=IFERROR(SUM(_xlfn._xlws.FILTER('Worklog_Tasks&Times'!$H$115:$H$124,'Worklog_Tasks&Times'!$F$115:$F$124=$B4)),0)} -> 3 | K4: =SUM(C4:J4) -> 39
B5: ='Drop-downs'!C4 -> ILO 2.3 | C5: {=IFERROR(SUM(_xlfn._xlws.FILTER('Worklog_Tasks&Times'!$H$5:$H$16,'Worklog_Tasks&Times'!$F$5:$F$16=$B5)),0)} -> 0 | D5: {=IFERROR(SUM(_xlfn._xlws.FILTER('Worklog_Tasks&Times'!$H$21:$H$34,'Worklog_Tasks&Times'!$F$21:$F$34=$B5)),0)} -> 22 | E5: {=IFERROR(SUM(_xlfn._xlws.FILTER('Worklog_Tasks&Times'!$H$39:$H$48,'Worklog_Tasks&Times'!$F$39:$F$48=$B5)),0)} -> 0 | F5: {=IFERROR(SUM(_xlfn._xlws.FILTER('Worklog_Tasks&Times'!$H$53:$H$64,'Worklog_Tasks&Times'!$F$53:$F$64=$B5)),0)} -> 0 | G5: {=IFERROR(SUM(_xlfn._xlws.FILTER('Worklog_Tasks&Times'!$H$69:$H$79,'Worklog_Tasks&Times'!$F$69:$F$81=$B5)),0)} -> 0 | H5: {=IFERROR(SUM(_xlfn._xlws.FILTER('Worklog_Tasks&Times'!$H$86:$H$96,'Worklog_Tasks&Times'!$F$86:$F$96=$B5)),0)} -> 4 | I5: {=IFERROR(SUM(_xlfn._xlws.FILTER('Worklog_Tasks&Times'!$H$101:$H$110,'Worklog_Tasks&Times'!$F$101:$F$110=$B5)),0)} -> 2 | J5: {=IFERROR(SUM(_xlfn._xlws.FILTER('Worklog_Tasks&Times'!$H$115:$H$124,'Worklog_Tasks&Times'!$F$115:$F$124=$B5)),0)} -> 0 | K5: =SUM(C5:J5) -> 28
B6: ='Drop-downs'!C5 -> ILO 3.2 | C6: {=IFERROR(SUM(_xlfn._xlws.FILTER('Worklog_Tasks&Times'!$H$5:$H$16,'Worklog_Tasks&Times'!$F$5:$F$16=$B6)),0)} -> 0 | D6: {=IFERROR(SUM(_xlfn._xlws.FILTER('Worklog_Tasks&Times'!$H$21:$H$34,'Worklog_Tasks&Times'!$F$21:$F$34=$B6)),0)} -> 0 | E6: {=IFERROR(SUM(_xlfn._xlws.FILTER('Worklog_Tasks&Times'!$H$39:$H$48,'Worklog_Tasks&Times'!$F$39:$F$48=$B6)),0)} -> 0 | F6: {=IFERROR(SUM(_xlfn._xlws.FILTER('Worklog_Tasks&Times'!$H$53:$H$64,'Worklog_Tasks&Times'!$F$53:$F$64=$B6)),0)} -> 0 | G6: {=IFERROR(SUM(_xlfn._xlws.FILTER('Worklog_Tasks&Times'!$H$69:$H$79,'Worklog_Tasks&Times'!$F$69:$F$81=$B6)),0)} -> 0 | H6: {=IFERROR(SUM(_xlfn._xlws.FILTER('Worklog_Tasks&Times'!$H$86:$H$96,'Worklog_Tasks&Times'!$F$86:$F$96=$B6)),0)} -> 4 | I6: {=IFERROR(SUM(_xlfn._xlws.FILTER('Worklog_Tasks&Times'!$H$101:$H$110,'Worklog_Tasks&Times'!$F$101:$F$110=$B6)),0)} -> 22 | J6: {=IFERROR(SUM(_xlfn._xlws.FILTER('Worklog_Tasks&Times'!$H$115:$H$124,'Worklog_Tasks&Times'!$F$115:$F$124=$B6)),0)} -> 0 | K6: =SUM(C6:J6) -> 26
B7: ='Drop-downs'!C6 -> ILO 4.1 | C7: {=IFERROR(SUM(_xlfn._xlws.FILTER('Worklog_Tasks&Times'!$H$5:$H$16,'Worklog_Tasks&Times'!$F$5:$F$16=$B7)),0)} -> 0 | D7: {=IFERROR(SUM(_xlfn._xlws.FILTER('Worklog_Tasks&Times'!$H$21:$H$34,'Worklog_Tasks&Times'!$F$21:$F$34=$B7)),0)} -> 0 | E7: {=IFERROR(SUM(_xlfn._xlws.FILTER('Worklog_Tasks&Times'!$H$39:$H$48,'Worklog_Tasks&Times'!$F$39:$F$48=$B7)),0)} -> 0 | F7: {=IFERROR(SUM(_xlfn._xlws.FILTER('Worklog_Tasks&Times'!$H$53:$H$64,'Worklog_Tasks&Times'!$F$53:$F$64=$B7)),0)} -> 0 | G7: {=IFERROR(SUM(_xlfn._xlws.FILTER('Worklog_Tasks&Times'!$H$69:$H$79,'Worklog_Tasks&Times'!$F$69:$F$81=$B7)),0)} -> 0 | H7: {=IFERROR(SUM(_xlfn._xlws.FILTER('Worklog_Tasks&Times'!$H$86:$H$96,'Worklog_Tasks&Times'!$F$86:$F$96=$B7)),0)} -> 0 | I7: {=IFERROR(SUM(_xlfn._xlws.FILTER('Worklog_Tasks&Times'!$H$101:$H$110,'Worklog_Tasks&Times'!$F$101:$F$110=$B7)),0)} -> 0 | J7: {=IFERROR(SUM(_xlfn._xlws.FILTER('Worklog_Tasks&Times'!$H$115:$H$124,'Worklog_Tasks&Times'!$F$115:$F$124=$B7)),0)} -> 0 | K7: =SUM(C7:J7) -> 0
B8: ='Drop-downs'!C7 -> ILO 6.2 | C8: {=IFERROR(SUM(_xlfn._xlws.FILTER('Worklog_Tasks&Times'!$H$5:$H$16,'Worklog_Tasks&Times'!$F$5:$F$16=$B8)),0)} -> 0 | D8: {=IFERROR(SUM(_xlfn._xlws.FILTER('Worklog_Tasks&Times'!$H$21:$H$34,'Worklog_Tasks&Times'!$F$21:$F$34=$B8)),0)} -> 2 | E8: {=IFERROR(SUM(_xlfn._xlws.FILTER('Worklog_Tasks&Times'!$H$39:$H$48,'Worklog_Tasks&Times'!$F$39:$F$48=$B8)),0)} -> 4 | F8: {=IFERROR(SUM(_xlfn._xlws.FILTER('Worklog_Tasks&Times'!$H$53:$H$64,'Worklog_Tasks&Times'!$F$53:$F$64=$B8)),0)} -> 4 | G8: {=IFERROR(SUM(_xlfn._xlws.FILTER('Worklog_Tasks&Times'!$H$69:$H$79,'Worklog_Tasks&Times'!$F$69:$F$81=$B8)),0)} -> 0 | H8: {=IFERROR(SUM(_xlfn._xlws.FILTER('Worklog_Tasks&Times'!$H$86:$H$96,'Worklog_Tasks&Times'!$F$86:$F$96=$B8)),0)} -> 6 | I8: {=IFERROR(SUM(_xlfn._xlws.FILTER('Worklog_Tasks&Times'!$H$101:$H$110,'Worklog_Tasks&Times'!$F$101:$F$110=$B8)),0)} -> 0 | J8: {=IFERROR(SUM(_xlfn._xlws.FILTER('Worklog_Tasks&Times'!$H$115:$H$124,'Worklog_Tasks&Times'!$F$115:$F$124=$B8)),0)} -> 4 | K8: =SUM(C8:J8) -> 20
B9: ='Drop-downs'!C8 -> ILO 8.2 | C9: {=IFERROR(SUM(_xlfn._xlws.FILTER('Worklog_Tasks&Times'!$H$5:$H$16,'Worklog_Tasks&Times'!$F$5:$F$16=$B9)),0)} -> 0 | D9: {=IFERROR(SUM(_xlfn._xlws.FILTER('Worklog_Tasks&Times'!$H$21:$H$34,'Worklog_Tasks&Times'!$F$21:$F$34=$B9)),0)} -> 0 | E9: {=IFERROR(SUM(_xlfn._xlws.FILTER('Worklog_Tasks&Times'!$H$39:$H$48,'Worklog_Tasks&Times'!$F$39:$F$48=$B9)),0)} -> 16 | F9: {=IFERROR(SUM(_xlfn._xlws.FILTER('Worklog_Tasks&Times'!$H$53:$H$64,'Worklog_Tasks&Times'!$F$53:$F$64=$B9)),0)} -> 25 | G9: {=IFERROR(SUM(_xlfn._xlws.FILTER('Worklog_Tasks&Times'!$H$69:$H$79,'Worklog_Tasks&Times'!$F$69:$F$81=$B9)),0)} -> 0 | H9: {=IFERROR(SUM(_xlfn._xlws.FILTER('Worklog_Tasks&Times'!$H$86:$H$96,'Worklog_Tasks&Times'!$F$86:$F$96=$B9)),0)} -> 3 | I9: {=IFERROR(SUM(_xlfn._xlws.FILTER('Worklog_Tasks&Times'!$H$101:$H$110,'Worklog_Tasks&Times'!$F$101:$F$110=$B9)),0)} -> 4 | J9: {=IFERROR(SUM(_xlfn._xlws.FILTER('Worklog_Tasks&Times'!$H$115:$H$124,'Worklog_Tasks&Times'!$F$115:$F$124=$B9)),0)} -> 4 | K9: =SUM(C9:J9) -> 52
B10: ='Drop-downs'!C9 -> ILO 9.1 | C10: {=IFERROR(SUM(_xlfn._xlws.FILTER('Worklog_Tasks&Times'!$H$5:$H$16,'Worklog_Tasks&Times'!$F$5:$F$16=$B10)),0)} -> 0 | D10: {=IFERROR(SUM(_xlfn._xlws.FILTER('Worklog_Tasks&Times'!$H$21:$H$34,'Worklog_Tasks&Times'!$F$21:$F$34=$B10)),0)} -> 0 | E10: {=IFERROR(SUM(_xlfn._xlws.FILTER('Worklog_Tasks&Times'!$H$39:$H$48,'Worklog_Tasks&Times'!$F$39:$F$48=$B10)),0)} -> 7 | F10: {=IFERROR(SUM(_xlfn._xlws.FILTER('Worklog_Tasks&Times'!$H$53:$H$64,'Worklog_Tasks&Times'!$F$53:$F$64=$B10)),0)} -> 6 | G10: {=IFERROR(SUM(_xlfn._xlws.FILTER('Worklog_Tasks&Times'!$H$69:$H$79,'Worklog_Tasks&Times'!$F$69:$F$81=$B10)),0)} -> 0 | H10: {=IFERROR(SUM(_xlfn._xlws.FILTER('Worklog_Tasks&Times'!$H$86:$H$96,'Worklog_Tasks&Times'!$F$86:$F$96=$B10)),0)} -> 19 | I10: {=IFERROR(SUM(_xlfn._xlws.FILTER('Worklog_Tasks&Times'!$H$101:$H$110,'Worklog_Tasks&Times'!$F$101:$F$110=$B10)),0)} -> 0 | J10: {=IFERROR(SUM(_xlfn._xlws.FILTER('Worklog_Tasks&Times'!$H$115:$H$124,'Worklog_Tasks&Times'!$F$115:$F$124=$B10)),0)} -> 16 | K10: =SUM(C10:J10) -> 48
B11: TOTAL HOURS PER WEEK | C11: =SUM(C3:C10) -> 30 | D11: =SUM(D3:D10) -> 30 | E11: =SUM(E3:E10) -> 27 | F11: =SUM(F3:F10) -> 35 | G11: =SUM(G3:G10) -> 0 | H11: =SUM(H3:H10) -> 36 | I11: =SUM(I3:I10) -> 28 | J11: =SUM(J3:J10) -> 27
B13: Use this to plan a high level allocation for all 320 hours you are expected to devote to the course during this block. How do you want to allocate your hours for each week? Why 320 hours? The European Higher Education Framework states that an academic credit is expected to require 25-28 hours to earn. You earn 15 credits per block, so you should be expected to devote 375 hours to accomplish that. CMGT students do fewer hours because the program is more intense.
B17: If you add more rows to the Worklog Tasks and Time sheet, make sure to update the row count accordingly. For example, if you add an additional row for Week 1, you'll need to adjust all formula in Column C from H14 to H15 and F14 to F15

Sheet Drop-downs
A1: Task Status | B1: Task Type | C1: ILO selection
A2: - | B2: - | C2: -
A3: Planned | B3: Design | C3: ILO 1.3
A4: Unplanned | B4: Meeting | C4: ILO 2.3
A5: Blocked | B5: Programming | C5: ILO 3.2
A6: In-Progress | B6: Research | C6: ILO 4.1
A7: Done | B7: Testing | C7: ILO 6.2
A8: Delayed | B8: Workshop | C8: ILO 8.2
A9: Cancelled | B9: Planning | C9: ILO 9.1
B10: Evidencing
B11: Debugging
B12: Lecture
B13: Study
B14: Unplanned
B15: Distraction
B16: Break
